风与异乡人,风与异乡人,1,1
千嶂万仞,千嶂万仞,1,2
流水叮咛,流水叮咛,1,3
神戟狂言凌云霄,神戟狂言凌云霄,1,4
醉客与狼的相遇,醉客与狼的相遇,1,5
清泉白马与月光,清泉、白马与月光,1,6
人铸赋形,人铸赋形,2,7
生存专家,生存专家,2,8
生存专家,生存专家,2,9
生存专家,生存专家,2,10
星级大厨,星级大厨,2,11
星级大厨,星级大厨,2,12
星级大厨,星级大厨,2,13
如日方升的旅程,如日方升的旅程,3,14
如日方升的旅程,如日方升的旅程,3,15
如日方升的旅程,如日方升的旅程,3,16
百炼千锤,百炼千锤,3,17
百炼千锤,百炼千锤,3,18
百炼千锤,百炼千锤,3,19
你所不知道的事,你所不知道的事,3,20
你所不知道的事,你所不知道的事,3,21
你所不知道的事,你所不知道的事,3,22
大地的馈赠,大地的馈赠,3,23
大地的馈赠,大地的馈赠,3,24
大地的馈赠,大地的馈赠,3,25
英雄之礼,英雄之礼,3,26
长歌回响,长歌回响,3,27
神话秘藏,神话秘藏,3,28
祝圣篇章,祝圣篇章,3,29
大地勘探蒙德,大地勘探·蒙德,4,30
千风拂去,千风拂去,4,31
且听风吟,且听风吟,4,32
圣龛巡礼蒙德,圣龛巡礼·蒙德,4,33
风中引路人,风中引路人,4,34
风中引路人,风中引路人,4,35
风中引路人,风中引路人,4,36
逐风的寻宝者,逐风的寻宝者,4,37
逐风的寻宝者,逐风的寻宝者,4,38
逐风的寻宝者,逐风的寻宝者,4,39
逐风的冒险家,逐风的冒险家,4,40
逐风的冒险家,逐风的冒险家,4,41
逐风的冒险家,逐风的冒险家,4,42
大地勘探璃月,大地勘探·璃月,5,43
尽览群岩,尽览群岩,5,44
重嶂不移,重嶂不移,5,45
圣龛巡礼璃月,圣龛巡礼·璃月,5,46
岩间引路人,岩间引路人,5,47
岩间引路人,岩间引路人,5,48
岩间引路人,岩间引路人,5,49
磐岩的寻宝者,磐岩的寻宝者,5,50
磐岩的寻宝者,磐岩的寻宝者,5,51
磐岩的寻宝者,磐岩的寻宝者,5,52
磐岩的冒险家,磐岩的冒险家,5,53
磐岩的冒险家,磐岩的冒险家,5,54
磐岩的冒险家,磐岩的冒险家,5,55
大地勘探龙脊雪山,大地勘探·龙脊雪山,16,56
冰峰踏破,冰峰踏破,16,57
踏雪引路人,踏雪引路人,16,58
踏雪引路人,踏雪引路人,16,59
踏雪引路人,踏雪引路人,16,60
雪山的寻宝者,雪山的寻宝者,16,61
雪山的寻宝者,雪山的寻宝者,16,62
雪山的寻宝者,雪山的寻宝者,16,63
赤红的新芽,赤红的新芽,16,64
赤红的新芽,赤红的新芽,16,65
赤红的新芽,赤红的新芽,16,66
寒天之钉,寒天之钉,16,67
龙与枪,龙与枪,16,68
灿若惊雷,灿若惊雷,22,69
蒲公英的故乡,蒲公英的故乡,22,70
友谊与牺牲的价值,友谊与牺牲的价值,22,71
百亿昼夜的百亿青春,百亿昼夜的百亿青春,22,72
丘丘学的扩张,丘丘学的扩张,22,73
大地勘探雷光所照之土其一,大地勘探·雷光所照之土·其一,24,74
跨越雷鸣的大地其一,跨越雷鸣的大地·其一,24,75
圣龛巡礼稻妻天领其一,圣龛巡礼·稻妻天领·其一,24,77
隽永如电,隽永如电,24,78
神篱凭代,神篱凭代,24,79
鸣草丛中的捕手其一,鸣草丛中的捕手·其一,24,80
鸣草丛中的捕手其一,鸣草丛中的捕手·其一,24,81
鸣草丛中的捕手其一,鸣草丛中的捕手·其一,24,82
烁光引路人其一,烁光引路人·其一,24,83
烁光引路人其一,烁光引路人·其一,24,84
烁光引路人其一,烁光引路人·其一,24,85
循雷的寻宝者其一,循雷的寻宝者·其一,24,86
循雷的寻宝者其一,循雷的寻宝者·其一,24,87
循雷的寻宝者其一,循雷的寻宝者·其一,24,88
异人祓行芝居,异人祓行芝居,24,89
踏鞴物语,踏鞴物语,24,90
遗怨的回音,遗怨的回音,24,91
妖鬼狂言百物语,妖鬼狂言百物语,0,92
循雷的冒险家其一,循雷的冒险家·其一,24,93
循雷的冒险家其一,循雷的冒险家·其一,24,94
循雷的冒险家其一,循雷的冒险家·其一,24,95
大地勘探雷光所照之土其二,大地勘探·雷光所照之土·其二,26,96
跨越雷鸣的大地其二,跨越雷鸣的大地·其二,26,97
圣龛巡礼稻妻天领其二,圣龛巡礼·稻妻天领·其二,26,98
鸣草丛中的捕手其二,鸣草丛中的捕手·其二,26,99
鸣草丛中的捕手其二,鸣草丛中的捕手·其二,26,100
鸣草丛中的捕手其二,鸣草丛中的捕手·其二,26,101
烁光引路人其二,烁光引路人·其二,26,102
循雷的寻宝者其二,循雷的寻宝者·其二,26,105
循雷的寻宝者其二,循雷的寻宝者·其二,26,106
循雷的寻宝者其二,循雷的寻宝者·其二,26,107
循雷的冒险家其二,循雷的冒险家·其二,26,108
循雷的冒险家其二,循雷的冒险家·其二,26,109
循雷的冒险家其二,循雷的冒险家·其二,26,110
清籁逐雷记,清籁逐雷记,26,111
一样的月光,一样的月光,26,112
大地勘探鹤观,大地勘探·鹤观,27,113
雾海尽头,雾海尽头,27,114
圣龛巡礼鹤观,圣龛巡礼·鹤观,27,115
雾夜的灼灼电影,雾夜的灼灼电影,27,116
深雾引路人,深雾引路人,27,119
迷失的寻宝者,迷失的寻宝者,27,120
迷失的寻宝者,迷失的寻宝者,27,121
迷失的寻宝者,迷失的寻宝者,27,122
迷失的冒险家,迷失的冒险家,27,123
迷失的冒险家,迷失的冒险家,27,124
迷失的冒险家,迷失的冒险家,27,125
雷与永远,雷与永远,27,126
是想要驯服我吗,「是想要驯服我吗？」,0,127
天赐的猎人之手,天赐的猎人之手,0,128
动物园大亨,动物园大亨,0,129
岂知夜色,「…岂知夜色…」,28,130
常世之大权,常世之大权,28,131
福斯福洛斯的指引,福斯福洛斯的指引,28,132
福斯福洛斯的指引,福斯福洛斯的指引,28,133
福斯福洛斯的指引,福斯福洛斯的指引,28,134
赫斯珀洛斯的好东西,赫斯珀洛斯的好东西,28,135
赫斯珀洛斯的好东西,赫斯珀洛斯的好东西,28,136
赫斯珀洛斯的好东西,赫斯珀洛斯的好东西,28,137
卡伊洛斯的时时刻刻,卡伊洛斯的时时刻刻,28,138
卡伊洛斯的时时刻刻,卡伊洛斯的时时刻刻,28,139
卡伊洛斯的时时刻刻,卡伊洛斯的时时刻刻,28,140
火鼠裘龙首珠佛前钵和,火鼠裘、龙首珠、佛前钵和…,28,141
俯瞰风景,俯瞰风景,0,1000
烈风的遗骨,烈风的遗骨,0,1001
风带来了故事的种子,「风带来了故事的种子…」,0,1002
矢志不渝,矢志不渝,0,1003
启动跃迁引擎,启动跃迁引擎！,0,1004
风神的宠儿,风神的宠儿,0,1005
除了时间什么也没丢,除了时间，什么也没丢,0,1006
与一位往昔神灵的谈话,与一位往昔神灵的谈话,0,1007
卧龙藏螭,卧龙藏螭,0,1008
战祸不息,战祸不息,0,1009
冢里最好的剑,冢里最好的剑,0,1010
渌华池之影,渌华池之影,0,1011
零号玩家,零号玩家,0,1012
盘木森森荫蔽家庭,盘木森森，荫蔽家庭,0,1013
华清归藏密宫,华清归藏密宫,0,1014
塞西莉亚苗圃,塞西莉亚苗圃,0,1015
无妄引咎密宫,无妄引咎密宫,0,1016
只要用心,「只要用心…」,0,1017
人人都是食神,「…人人都是食神。」,0,1018
十岁差点打倒野猪,十岁差点打倒野猪,0,1019
金牌飞行执照,金牌飞行执照,0,1020
在空中飞行程度的能力,「在空中飞行程度的能力」,0,1021
如光似电,如光似电,0,1022
朋友遍天下,朋友遍天下,0,1023
威遍风土,威遍风土,0,1024
名震云来,名震云来,0,1025
布武雷国,布武雷国,0,1026
QUESTCLEAR,QUEST CLEAR,0,1027
QUESTCLEAR,QUEST CLEAR,0,1028
QUESTCLEAR,QUEST CLEAR,0,1029
见习勇者,见习勇者,0,1030
见习勇者,见习勇者,0,1031
见习勇者,见习勇者,0,1032
QUESTFAILED,QUEST FAILED,0,1033
多冷的隆冬,多冷的隆冬,0,1034
祭司公主与记事者,祭司、公主与记事者,0,1035
逆子的归乡,逆子的归乡,0,1036
千年雪藏的事,千年雪藏的事,0,1037
冰冷的钢铁,冰冷的钢铁,0,1038
无果的远征,无果的远征,0,1039
没能讲出的故事,没能讲出的故事,0,1040
一览众山小,一览众山小,0,1041
一个冬天的童话,一个冬天的童话,0,1042
猎人变成了猎物,猎人变成了猎物,0,1043
冷静点,冷静点！,0,1044
一口吃掉了几十万摩拉,「一口吃掉了几十万摩拉！」,0,1045
天雷圣裁,天雷圣裁,0,1046
接近天空的地方,接近天空的地方…,0,1047
嬗变核素,嬗变核素,0,1048
你其实听得见吧,…你其实听得见吧？,0,1049
洞天无别景,洞天无别景…,18,1050
前方高仙力反应,前方高仙力反应,18,1051
前方高仙力反应,前方高仙力反应,18,1052
前方高仙力反应,前方高仙力反应,18,1053
壶中密友,壶中密友,18,1054
壶中密友,壶中密友,18,1055
壶中密友,壶中密友,18,1056
伐伐伐伐木工,伐伐伐伐木工,18,1057
伐伐伐伐木工,伐伐伐伐木工,18,1058
伐伐伐伐木工,伐伐伐伐木工,18,1059
宝钱大亨,宝钱大亨,18,1060
宝钱大亨,宝钱大亨,18,1061
宝钱大亨,宝钱大亨,18,1062
不止是个小板凳,不止是个小板凳,18,1063
不止是个小板凳,不止是个小板凳,18,1064
不止是个小板凳,不止是个小板凳,18,1065
来点颜色瞧瞧,来点颜色瞧瞧？,18,1066
来点颜色瞧瞧,来点颜色瞧瞧？,18,1067
来点颜色瞧瞧,来点颜色瞧瞧？,18,1068
标准图样,标准图样,18,1069
标准图样,标准图样,18,1070
标准图样,标准图样,18,1071
我的地盘,我的…地盘,18,1072
我的地盘,我的…地盘,18,1073
我的地盘,我的…地盘,18,1074
哟嚯嚯再来瓶蒲公英酒,哟嚯嚯，再来瓶蒲公英酒,0,1075
乘风破浪真君,「乘风破浪真君」,0,1076
Niceboat,Nice boat!,0,1077
其名为玛丽塞勒斯特,…其名为「玛丽·塞勒斯特」,0,1078
DejaVu,Deja Vu!,0,1079
壶中贵客,壶中贵客,19,1080
围炉夜谈,围炉夜谈,19,1081
围炉夜谈,围炉夜谈,19,1082
围炉夜谈,围炉夜谈,19,1083
决胜的礼物,决胜的礼物！,19,1084
决胜的礼物,决胜的礼物！,19,1085
决胜的礼物,决胜的礼物！,19,1086
传送空间棋盘,传送空间棋盘,23,1087
我们需要更多作物,我们需要更多作物！,23,1088
我们需要更多作物,我们需要更多作物！,23,1089
我们需要更多作物,我们需要更多作物！,23,1090
花开之洞天,花开之洞天,23,1091
花开之洞天,花开之洞天,23,1092
花开之洞天,花开之洞天,23,1093
采集时间到,采集时间到！,23,1094
采集时间到,采集时间到！,23,1095
采集时间到,采集时间到！,23,1096
山田五的木槌,山田五的木槌,0,1097
鲸井御殿流手鞠术,「鲸井御殿流手鞠术」,0,1098
本朝手鞠戏小传,本朝手鞠戏小传,0,1099
派蒙的幸运日,派蒙的幸运日！,0,1100
诸事不宜,诸事不宜…,0,1101
地宫传奇才怪咧,地宫传奇…才怪咧！,0,1102
SYUUMATSUGAIDEN,SYUUMATSU GAIDEN,0,1103
岩藏武艺帐,岩藏武艺帐,0,1104
开门放狗,开门放狗,0,1105
情非得已,情非得已,0,1106
不再变老,不再变老,0,1107
为人的条件,为人的条件？,0,1108
无灵魂处的灵魂,无灵魂处的灵魂,0,1109
荒岛朝圣指南,荒岛朝圣指南,0,1110
三千里的起点,三千里的起点,0,1111
游医的奥德赛,游医的奥德赛,0,1112
KnockKnock,「Knock Knock」,0,1113
神无冢作战计划,神无冢作战计划,0,1114
挥刀的理由,挥刀的理由,0,1115
大业物,大业物,0,1116
重开之花,重开之花,0,1117
承蒙惠顾,承蒙惠顾,0,1118
雷之祸乱,雷之祸乱,0,1119
框架外收获,框架外收获,0,1120
大踏鞴长正,大踏鞴长正,0,1121
腐肉朽处花争妍,「…腐肉朽处花争妍。」,0,1122
稚子敲针作钓钩,稚子敲针作钓钩,25,1123
恭喜这位喜提鱼缸,「恭喜这位，喜提鱼缸」,25,1124
被打碎的水中月亮,被打碎的水中月亮,25,1125
通通400铃,通通400铃,25,1126
通通400铃,通通400铃,25,1127
通通400铃,通通400铃,25,1128
叫我以实玛利,「叫我以实玛利。」,25,1129
渔民杀机,渔民杀机,25,1130
尽倾江海里,尽倾江海里,25,1131
正经的钓鱼学位,正经的钓鱼学位,25,1132
这就是我的放生路线,「这就是我的放生路线！」,0,1135
切原来是来钓鱼的,「切，原来是来钓鱼的…」,0,1136
张力稳定锚,张力稳定锚,25,1134
中场,中场,25,1133
如愿以偿,如愿以偿,0,1136
人鱼童话,人鱼童话,0,1137
远海牧人的宝藏,远海牧人的宝藏,0,1138
诚实高个儿西尔弗,诚实高个儿西尔弗,0,1139
是时候征服海祇岛了,是时候征服海祇岛了！,0,1140
池中宅邸,池中宅邸,0,1141
小猎犬号搁浅记,小猎犬号搁浅记,0,1142
奴家是猫名字叫寝子,「奴家是猫。名字叫寝子」,0,1143
云中的猫,云中的猫,0,1144
猫的赠礼,猫的赠礼,0,1145
无可质疑的宝藏,无可质疑的宝藏,0,1146
乡愁的另一头,乡愁的另一头,0,1147
它和它,它和它…,0,1148
戴维琼斯的箱子,戴维·琼斯的箱子,0,1149
益智海域,益智海域,0,1150
大天云峠,大天云峠,0,1151
进入夜雾之门,进入夜雾之门,0,1153
NihilSubCaligineNovum,Nihil Sub Caligine Novum,0,1154
白之幻影,白之幻影,0,1156
美好的风景望不到头,「美好的风景，望不到头」,0,1157
双城记,双城记,0,1158
我作为冒险家的一生,《我作为冒险家的一生》,0,1159
雾里明灯,雾里明灯,0,1160
被被派蒙吃掉,「被、被派蒙吃掉…」,0,1161
猜想时间,猜想时间,0,1162
雷鸟的系谱,雷鸟的系谱,0,1163
七个字母,七个字母,0,1165
茂知之壳,茂知之壳,0,1166
渡过雾霭的河流,渡过雾霭的河流,0,1167
让你再飞,「让你再飞！」,0,1168
面对捕网网眼时的焦虑,面对捕网网眼时的焦虑,0,1169
海底几万里,海底几万里？,0,1170
野马泉又名摩利支,野马泉，又名摩利支,0,1171
日月回轮,日月回轮,0,1172
智圆行方小锦旗,「智圆行方」小锦旗,0,1173
明察冬鳗小锦旗,「明察冬鳗」小锦旗,0,1174
常世无双小锦旗,「常世无双」小锦旗,0,1175
下次试试社会派,「下次，试试社会派…」,0,1177
常世大神倘若有知,「常世大神倘若有知…」,0,1178
真的有区别吗,「真的有区别吗…」,0,1179
神的孩子全跳舞,神的孩子全跳舞,0,1180
阴阳割昏晓,阴阳割昏晓,0,1181
射程之内好说话,射程之内好说话,0,1182
薄缘的道与光与胤,薄缘的道与光与胤,0,1183
一把钥匙开一把锁,一把钥匙开一把锁,0,1184
无他惟手熟尔,「无他，惟手熟尔」,7,2001
百步穿杨,百步穿杨,7,2002
魔弹射手,魔弹射手,7,2003
全什么外壳来着,全什么外壳来着？,8,2004
特斯拉球还流行吗,特斯拉球还流行吗？,8,2005
谁的节奏天国,谁的节奏天国？,8,2006
赫炎的达达乌帕,赫炎的达达乌帕,8,2007
无坚不摧,无坚不摧,0,2008
棱镜计划,棱镜计划,0,2009
这风晶蝶还蛮大的,「这风晶蝶还蛮大的」,0,2010
这风晶蝶还蛮大的,「这风晶蝶还蛮大的」,0,2011
不代表最终品质,「…不代表最终品质」,0,2012
与巨像,…与巨像,0,2013
传球,传球,0,2014
一次的攻击,「一次…的攻击」,0,2015
我有金钟罩,「我有金钟罩♬」,0,2016
大黄金丘丘王,大黄金丘丘王,0,2017
天降正义,天降正义,0,2018
老实点,「老实点！」,6,2019
老实点,「老实点！」,6,2020
老实点,「老实点！」,6,2021
随风而去吧,「随风而去吧！」,6,2022
随风而去吧,「随风而去吧！」,6,2023
随风而去吧,「随风而去吧！」,6,2024
白色的季节,白色的季节,6,2025
白色的季节,白色的季节,6,2026
白色的季节,白色的季节,6,2027
低温环境导致可用电量下降,低温环境导致可用电量下降,6,2028
低温环境导致可用电量下降,低温环境导致可用电量下降,6,2029
低温环境导致可用电量下降,低温环境导致可用电量下降,6,2030
艺术就是,「艺术就是…」,6,2031
艺术就是,「艺术就是…」,6,2032
艺术就是,「艺术就是…」,6,2033
必须毁灭两次,…必须毁灭两次,6,2034
必须毁灭两次,…必须毁灭两次,6,2035
必须毁灭两次,…必须毁灭两次,6,2036
略大于突如其来的爱情,「略大于突如其来的爱情。」,6,2037
略大于突如其来的爱情,「略大于突如其来的爱情。」,6,2038
略大于突如其来的爱情,「略大于突如其来的爱情。」,6,2039
向无敌大胃王致敬,向无敌大胃王致敬,0,2040
摧枯拉朽,摧枯拉朽,0,2041
摧枯拉朽,摧枯拉朽,0,2042
摧枯拉朽,摧枯拉朽,0,2043
深邃的探究者,深邃的探究者,9,2044
深邃的探究者,深邃的探究者,9,2045
深邃的探究者,深邃的探究者,9,2046
来自深境,来自深境,9,2047
来自深境,来自深境,9,2048
来自深境,来自深境,9,2049
MyPrecious,My Precious,9,2050
渊星斗士,渊星斗士,9,2051
神奇四,神奇四…,0,2052
清泉的猎人,清泉的猎人,14,2053
水刑物语,水刑物语,14,2054
出奇迹,…出奇迹？,14,2055
出奇迹,…出奇迹？,14,2056
出奇迹,…出奇迹？,14,2057
提瓦特的园丁不畏严寒,提瓦特的园丁，不畏严寒,14,2058
提瓦特的园丁不畏酷热,提瓦特的园丁，不畏酷热,14,2059
天降正义,天降正义！,14,2060
第三类永动机,第三类永动机,14,2061
约等于天下无敌,约等于天下无敌,14,2062
什么嘛还不如冰雾花,「什么嘛，还不如冰雾花」,0,2063
总有比火更灼热的火,「总有比火更灼热的火」,0,2064
异邦人与异邦人,异邦人与异邦人,0,2065
抢断,抢断,15,2066
推倒这面墙,推倒这面墙！,15,2067
少冰无糖,少冰无糖,15,2068
摔得越重,…摔得越重,15,2069
这个丘丘不太冷,这个丘丘不太冷,15,2070
玫瑰花蕾,玫瑰花蕾…,15,2071
国王刺客,国王刺客,15,2072
歌利亚,歌利亚,15,2073
罚球,罚球,0,2074
力场侵蚀,力场侵蚀,0,2075
还有蜥蜴和斯波克,「…还有蜥蜴和斯波克」,0,2076
基础不牢地动山摇,基础不牢，地动山摇！,0,2077
基础再牢也能撂倒,基础再牢，也能撂倒！,0,2078
千风散尽还复来,千风散尽还复来,0,2079
珠心熔毁,珠心熔毁,0,2080
眩晕,眩晕,0,2081
唯独死亡与债务不可避,「…唯独死亡与债务不可避」,0,2082
孤独地融化,「孤独地融化…」,0,2083
这也算四风守护,这也算四风守护？,0,2084
碰一碰,碰·一·碰,0,2085
反弹,反弹！,0,2086
悉数奉还,悉数奉还！,0,2087
我们之中最坚强的灵魂,我们之中最坚强的灵魂,0,2088
一日之寒,「…一日之寒」,0,2089
冰冻三尺,「冰冻三尺…」,0,2090
太阳岩龙蜥月亮岩龙蜥,…太阳岩龙蜥、月亮岩龙蜥,20,2091
岩元素反应,岩元素反应？,20,2092
傀儡谣,傀儡谣,20,2093
废图毁腾,废图毁腾,20,2094
被命运诅咒的王,被命运诅咒的王,20,2095
飞越水疗馆,飞越水疗馆,20,2096
完全静默,完全静默,20,2097
鸣神岛作战,鸣神岛作战,20,2098
画龙点睛,画龙点睛,20,2099
只要我跑的够快,只要我跑的够快,0,2100
堂堂正正的决斗,堂堂正正的决斗！,0,2101
全靠我们自己,…全靠我们自己,0,2102
把自己烧着了吧,把自己烧着了吧？,0,2103
SmellslikeAnimalSpirit,Smells like Animal Spirit!,0,2104
机元突破,机元突破,0,2105
无关机械请立即离场,无关机械请立即离场！,0,2106
遇火斩火,遇火斩火,0,2107
遇雷切雷,遇雷切雷,0,2108
雷自东来,雷自东来,0,2109
AKillwithoutWater,A Kill without Water,0,2110
海洋生物学者欧拉,海洋生物学者，欧拉！,0,2111
无法传达的恋波,无法传达的恋波,0,2112
雷音坠落,雷音坠落,0,2113
红莲冰河与红莲魔女,红莲冰河与红莲魔女,0,2114
漫长旅途的开端,漫长旅途的开端,0,4001
捕风的异乡人,捕风的异乡人,0,4002
为了没有眼泪的明天,为了没有眼泪的明天,0,4003
巨龙与自由之歌,巨龙与自由之歌,0,4004
听凭风引,听凭风引,0,4005
还是新的风暴呢,…还是新的风暴呢？,0,4006
骑士精神,骑士精神,0,4007
骑士团的诸多麻烦,骑士团的诸多麻烦,0,4008
风向是会转变的,风向是会转变的,0,4009
浮世浮生千岩间,浮世浮生千岩间,0,4010
辞行久远之躯,辞行久远之躯,0,4011
异乡异客,异乡异客,0,4012
五丘丘怎么了,…五丘丘怎么了？,0,4013
春香窑的副业,春香窑的「副业」,0,4014
派蒙都进不去吧,派蒙都进不去吧？,0,4015
勇敢的冒险者啊,「勇敢的冒险者啊…」,0,4016
文物保护,文物保护,0,4017
漫长的送别,漫长的送别,0,4018
史莱姆糖适量,史莱姆，糖适量,0,4019
一步登天,一步登天,0,4020
爱乐之花,爱乐之花,0,4021
审判之时还没到,审判之时…还没到,0,4022
轨道抛掷,轨道抛掷,0,4023
终有一别,终有一别,0,4024
迫近的客星,迫近的客星,0,4025
命运初动,命运初动,0,5007
贼寇狂人与漆黑之谜,贼寇、狂人与漆黑之谜,0,5008
命运交叉的废都,命运交叉的废都,0,5009
将诸神的力量付之一笑,将诸神的力量付之一笑,0,5010
狂言破碎之时,狂言破碎之时,0,5011
我们终将重逢,我们终将重逢,0,5012
雷电将至,雷电将至,0,5013
开战,开战！,0,5014
振袖秋风问红叶,振袖秋风问红叶,0,5015
朝着雷霆骤雨,朝着雷霆骤雨,0,5016
柊三十郎,柊三十郎,0,5017
所有人的愿望之诗,所有人的愿望之诗,0,5018
屏风后的白鹭公主,屏风后的白鹭公主,0,5019
御守仁义天下一,御守、仁义、天下一,0,5020
牢屋敷花火祭,牢屋敷花火祭,0,5021
直面雷光,直面雷光,0,5022
异人一揆,异人一揆,0,5023
不动鸣神恒常乐土,不动鸣神，恒常乐土,0,5024
无念无想泡影断灭,无念无想，泡影断灭,0,5025
SWORDFISHⅡ,SWORDFISH Ⅱ,0,5026
虽是露水般的愿望,虽是露水般的愿望…,0,5027
特大号花火祭,特大号花火祭,0,5028
御前生死斗,御前生死斗,0,5029
他们的愿望,「他们」的愿望…,0,5030
千手百眼天下人间,千手百眼，天下人间,0,5031
诸事平安,「诸事平安」,0,5032
群玉临空,群玉临空,0,5035
沧海生威,沧海生威,0,5036
前尘一梦,前尘一梦,0,5037
风起鹤归,风起鹤归,0,5038
Odomu,…Odomu？,10,4026
Yodala,Yo dala？,10,4027
追求极致,追求极致,11,4028
有一说一,有一说一,11,4029
帝君故事,帝君故事,12,4030
旅者且留步,旅者且留步…,12,4031
且听我一言,且听我一言。,12,4032
哎呀海盗,哎呀！海盗！,0,4033
厨子与渔夫,厨子与渔夫,0,4034
知天命,「知天命…」,0,4035
过量的思念,过量的思念,0,4036
更上一层楼,更上一层楼,0,4037
时也运也,时也运也,0,4038
略表歉意,略表歉意,0,4039
凑合也能用,凑合…也能用,0,4040
善事有善报,善事有善报,0,4041
您好亲爱的爸爸,「您好，亲爱的爸爸…」,0,4042
妙手怪医,妙手怪医,0,4043
西风佑我,西风佑我,0,4044
未曾设想的味道,未曾设想的味道,0,4045
学者与学者,学者与「学者」,0,4046
梦想与工作诗与面包,梦想与工作，诗与面包,0,4047
故人久未归,故人久未归,0,4048
这本小说真厉害,这本小说真厉害！,0,4049
而尽人事,「…而尽人事。」,0,4050
这不是应急食品,这不是应急食品,0,4051
瞳孔中的伪装者,瞳孔中的伪装者,0,4052
真相只有一个,真相只有一个…？,0,4053
璃月一番,璃月一番,0,4054
噼咔为什么又是噼咔,噼咔，为什么又是噼咔,0,4055
双人餐行,双人餐行,0,4056
饮食问题,饮食问题,0,4057
武士饭,武士饭,0,4058
给您添蘑菇了,「给您添蘑菇了！」,0,4059
饮食武士,饮食武士,0,4060
喂有人吗,喂——有人吗？,0,4061
编辑部的一己之见,编辑部的一己之见,0,4062
同心训练家,同心训练家？,0,4063
猜猜我是谁,猜猜我是谁？,0,4064
至少有了个结局,至少有了个结局,0,4065
她和她的猫,她和她的猫,0,4066
安娜冒险记,安娜冒险记,0,5033
远大前程,远大前程,0,5034
除了时间什么也没丢,除了时间，什么也没丢,0,5000
与一位往昔神灵的谈话,与一位往昔神灵的谈话,0,5001
卧龙藏螭,卧龙藏螭,0,5002
战祸不息,战祸不息,0,5003
渌华池之影,渌华池之影,0,5004
零号玩家,零号玩家,0,5005
盘木森森荫蔽家庭,盘木森森，荫蔽家庭,0,5006
test测试进入MainCoop保存点或,(test)测试进入MainCoop保存点(或),0,6000
美妙旅程序,美妙旅程：序,17,6001
霹雳闪雷真君,霹雳闪雷真君,17,6010
运气即实力,运气即实力！,17,6011
诸邪退散,诸邪退散,17,6100
慧眼识妖,慧眼识妖！,17,6110
辣椒英雄,辣椒英雄,17,6111
能跨越的边界线,能跨越的边界线,17,6200
偶像的可靠防线,偶像的可靠防线,17,6210
蒙德城的麻辣传说,蒙德城的麻辣传说,17,6211
完美而坚强的女仆,完美而坚强的女仆,17,6300
因为羁绊,「…因为羁绊。」,17,6310
只有玫瑰知道的世界,只有玫瑰知道的世界,17,6311
消除焦虑的最好办法,消除焦虑的最好办法,17,6400
女仆骑士不会受伤,女仆骑士不会受伤,17,6410
蒙德做题王,蒙德做题王,17,6411
迪奥娜特调搅拌不要摇,迪奥娜特调，搅拌，不要摇,17,6500
但是代价是,但是，代价是…,17,6510
猫咪殿下,猫咪殿下,17,6511
皆大欢喜,皆大欢喜,17,6600
家政高手,家政高手,17,6610
沧海不归客,沧海不归客,17,6611
高人一等,「高」人一等,17,6700
貉级忍者,貉级忍者,17,6710
料理效果移动速度降低,料理效果：移动速度降低,17,6711
南十字荣誉船员,南十字荣誉船员,17,6900
洒下甘露三千担,洒下甘露三千担,17,6910
孤云阁买家俱乐部,孤云阁买家俱乐部,17,6911
海祇大将,海祇大将,17,6800
运势无常,运势无常,17,6810
说还是不说这是个问题,说还是不说，这是个问题。,17,6811
天权伴星,天权伴星,17,7000
有备才能无患,有备才能无患,17,7010
过当防卫,过当防卫,17,7011
曲终人未散,曲终人未散,17,7100
愿此刻永恒,愿此刻永恒,17,7110
严师出高徒,严师出高徒,17,7111
来坦来补来输出,「来坦，来补，来输出」,13,9001
来坦来补来输出,「来坦，来补，来输出」,13,9002
来坦来补来输出,「来坦，来补，来输出」,13,9003
我来我见我征服,「我来，我见，我征服」,13,9004
我来我见我征服,「我来，我见，我征服」,13,9005
我来我见我征服,「我来，我见，我征服」,13,9006
你家风晶蝶还蛮大的,「你家风晶蝶还蛮大的」,13,9007
微笑就可以了,「…微笑就可以了。」,13,9008
原来那个柱子能打啊,「原来那个柱子能打啊」,13,9009
急冻树青空南风,「急冻树、青空、南风」,13,9010
Thisisfine,「This is fine」,13,9011
一条名叫洛蒂娅的鱼,一条名叫洛蒂娅的鱼,13,9012
狼族盟约,狼族盟约,13,9013
邪眼的性能不是战力差距的决定因素,邪眼的性能不是战力差距的决定因素,21,9014
山动了,「山动了」,21,9015
往日重现,往日重现,21,9016
未来解冻计划,未来解冻计划,21,9017
一线断时,一线断时…,21,9018
篝火大作战,篝火大作战,21,9019
机关阵列没有永恒,「机关阵列没有永恒」,21,9020
